,Cluster Number,Sample ID,pH,Temperature (°C),Turbidity (NTU),Dissolved Oxygen (mg/L),Conductivity (µS/cm)
0,0.0,1.0,7.25,23.1,4.5,7.8,342.0
1,0.0,2.0,7.11,22.3,5.1,6.2,335.0
2,5.0,3.0,7.03,21.5,3.9,8.3,356.0
3,1.0,4.0,7.38,22.9,3.2,9.5,327.0
4,1.0,5.0,7.45,20.7,3.8,8.1,352.0
5,0.0,6.0,6.89,23.6,4.6,7.2,320.0
6,4.0,7.0,7.19,21.2,4.2,8.8,350.0
7,5.0,8.0,6.98,22.1,3.7,6.9,325.0
8,4.0,9.0,7.31,20.4,4.1,8.4,360.0
9,0.0,10.0,7.02,22.7,4.8,7.5,330.0
10,1.0,11.0,7.24,22.4,4.3,8.6,347.0
11,5.0,12.0,7.17,21.6,3.6,7.1,328.0
12,0.0,13.0,6.95,22.3,4.1,6.4,341.0
13,1.0,14.0,7.06,23.5,3.7,9.2,355.0
14,1.0,15.0,7.48,20.8,3.4,7.9,329.0
15,0.0,16.0,6.92,21.4,4.9,6.8,362.0
16,0.0,17.0,7.11,22.0,4.4,8.1,336.0
17,1.0,18.0,7.3,23.2,3.5,9.6,351.0
18,5.0,19.0,7.13,21.1,4.0,7.5,319.0
19,0.0,20.0,7.01,23.0,4.7,8.9,330.0
20,5.0,21.0,6.83,22.5,3.3,6.1,348.0
21,4.0,22.0,7.34,20.3,4.2,8.0,365.0
22,0.0,23.0,7.16,23.4,4.5,7.7,326.0
23,1.0,24.0,7.25,22.6,3.9,9.1,355.0
24,4.0,25.0,7.39,21.9,4.1,7.4,317.0
25,0.0,26.0,7.02,22.2,4.6,6.6,339.0
26,1.0,27.0,7.27,21.8,3.7,8.7,354.0
27,0.0,28.0,7.09,23.3,5.0,7.0,324.0
28,4.0,29.0,7.15,20.6,4.4,8.5,358.0
29,5.0,30.0,7.07,22.8,3.8,6.9,332.0
30,1.0,31.0,7.22,22.5,4.3,8.9,345.0
31,0.0,32.0,6.92,21.7,4.7,6.3,363.0
32,5.0,33.0,7.13,23.1,3.6,8.2,347.0
33,4.0,34.0,7.31,20.9,4.0,7.6,316.0
34,0.0,35.0,7.03,22.6,4.9,7.9,331.0
35,1.0,36.0,7.21,21.8,3.8,8.5,346.0
36,0.0,37.0,7.13,22.5,4.2,7.7,321.0
37,0.0,38.0,7.09,23.1,4.4,7.2,335.0
38,1.0,39.0,7.35,21.6,3.9,9.2,357.0
39,5.0,40.0,7.02,22.0,3.2,8.8,318.0
40,1.0,41.0,7.28,23.5,3.7,9.5,353.0
41,4.0,42.0,7.14,20.9,4.3,8.1,330.0
42,0.0,43.0,6.96,22.9,4.8,6.5,344.0
43,5.0,44.0,7.24,22.7,4.1,8.0,327.0
44,2.0,45.0,7.37,21.5,4.5,9.3,361.0
45,5.0,46.0,7.08,23.3,3.6,7.8,338.0
46,4.0,47.0,7.16,21.1,4.4,7.3,352.0
47,5.0,48.0,7.03,22.4,4.0,8.3,319.0
48,1.0,49.0,7.32,23.2,4.5,8.9,346.0
49,4.0,50.0,7.19,20.8,3.9,9.1,331.0
50,0.0,51.0,7.12,22.1,4.6,6.8,340.0
51,1.0,52.0,7.26,22.2,3.3,9.4,356.0
52,5.0,53.0,7.04,21.6,3.8,8.4,322.0
53,1.0,54.0,7.41,23.0,4.2,7.1,364.0
54,5.0,55.0,7.08,21.7,4.1,8.6,337.0
55,1.0,56.0,7.25,22.8,3.5,9.7,349.0
56,4.0,57.0,7.17,20.6,4.7,7.6,328.0
57,5.0,58.0,7.01,23.4,3.6,6.9,333.0
58,0.0,59.0,6.9,22.5,4.2,6.0,357.0
59,4.0,60.0,7.29,21.9,4.8,7.9,320.0
60,1.0,61.0,7.19,23.1,3.9,9.0,342.0
61,0.0,62.0,7.01,21.3,4.3,7.4,326.0
62,6.0,63.0,7.15,22.6,4.5,8.2,355.0
63,5.0,64.0,7.12,22.0,3.7,8.7,334.0
64,0.0,65.0,6.94,23.2,4.0,6.6,348.0
65,2.0,66.0,7.36,22.4,4.5,9.4,362.0
66,5.0,67.0,7.02,20.7,3.8,8.2,323.0
67,6.0,68.0,7.26,23.5,4.6,7.5,350.0
68,5.0,69.0,7.08,21.4,3.3,9.1,330.0
69,0.0,70.0,7.14,22.9,4.4,7.1,341.0
70,1.0,71.0,7.31,21.2,3.6,8.8,329.0
71,0.0,72.0,7.03,23.0,4.8,6.7,345.0
72,1.0,73.0,7.18,22.5,3.5,9.3,358.0
73,4.0,74.0,7.24,20.9,4.6,7.9,332.0
74,1.0,75.0,7.14,22.8,4.2,8.5,347.0
75,5.0,76.0,7.06,22.1,3.9,8.0,321.0
76,1.0,77.0,7.29,23.3,3.4,9.5,351.0
77,0.0,78.0,7.12,21.7,4.7,7.4,330.0
78,5.0,79.0,7.01,22.6,3.2,8.2,339.0
79,2.0,80.0,7.35,22.1,4.5,9.2,359.0
80,0.0,81.0,7.04,23.1,4.0,6.4,324.0
81,4.0,82.0,7.16,21.3,3.8,7.7,346.0
82,4.0,83.0,7.22,22.3,4.3,8.9,329.0
83,4.0,84.0,7.13,20.7,4.1,8.4,337.0
84,1.0,85.0,7.25,23.0,3.9,9.6,354.0
85,0.0,86.0,7.09,22.2,4.4,7.0,333.0
86,1.0,87.0,7.19,21.1,3.3,9.0,348.0
87,0.0,88.0,7.08,22.7,4.6,7.8,331.0
88,1.0,89.0,7.37,22.4,3.7,9.1,362.0
89,4.0,90.0,7.12,21.8,4.5,8.6,340.0
90,0.0,91.0,7.27,23.4,4.2,7.2,327.0
91,0.0,92.0,7.04,21.5,4.8,6.8,342.0
92,6.0,93.0,7.15,23.1,4.4,8.1,355.0
93,1.0,94.0,7.21,22.5,3.6,8.7,338.0
94,5.0,95.0,6.98,21.9,4.0,8.9,328.0
95,2.0,96.0,7.34,23.2,4.6,8.3,365.0
96,5.0,97.0,7.02,21.0,3.9,7.5,332.0
97,1.0,98.0,7.26,22.8,3.2,9.2,358.0
98,0.0,99.0,7.09,23.0,4.3,7.3,327.0
99,4.0,100.0,7.13,21.6,4.7,7.8,350.0
100,5.0,101.0,7.16,22.2,3.3,8.9,331.0
101,4.0,102.0,7.21,21.4,4.2,7.4,347.0
102,1.0,103.0,7.32,23.3,4.1,9.5,366.0
103,5.0,104.0,7.05,20.9,3.7,8.1,339.0
104,0.0,105.0,7.13,22.5,4.3,7.9,326.0
105,1.0,106.0,7.25,21.9,3.5,9.3,350.0
106,0.0,107.0,7.08,23.1,4.5,6.5,319.0
107,4.0,108.0,7.19,22.0,4.7,7.8,343.0
108,5.0,109.0,7.01,20.8,3.6,8.4,330.0
109,2.0,110.0,7.33,22.4,4.8,9.0,360.0
110,5.0,111.0,7.07,23.2,3.5,7.7,327.0
111,4.0,112.0,7.17,21.6,4.5,8.5,345.0
112,1.0,113.0,7.23,22.9,3.6,9.1,352.0
113,4.0,114.0,7.14,20.5,4.4,7.6,334.0
114,1.0,115.0,7.26,23.4,3.3,9.4,357.0
115,0.0,116.0,7.09,22.1,4.1,7.0,329.0
116,4.0,117.0,7.2,21.3,4.4,8.2,346.0
117,0.0,118.0,7.05,22.7,4.7,7.2,335.0
118,1.0,119.0,7.38,21.5,3.9,9.6,364.0
119,4.0,120.0,7.11,22.6,4.2,8.8,341.0
120,1.0,121.0,7.28,20.7,3.8,9.2,353.0
121,0.0,122.0,7.03,23.3,4.3,6.9,322.0
122,5.0,123.0,7.15,21.2,3.4,8.0,344.0
123,4.0,124.0,7.21,22.4,4.6,8.6,326.0
124,1.0,125.0,7.12,23.0,3.1,9.4,356.0
125,0.0,126.0,7.0,22.3,4.5,6.3,328.0
126,1.0,127.0,7.34,21.1,3.7,9.1,361.0
127,0.0,128.0,7.02,22.9,4.1,7.5,338.0
128,4.0,129.0,7.24,21.8,4.4,8.3,347.0
129,0.0,130.0,7.1,23.4,4.8,7.7,331.0
130,4.0,131.0,7.16,20.4,3.8,8.7,329.0
131,1.0,132.0,7.29,22.3,4.2,9.3,357.0
132,0.0,133.0,7.01,21.6,4.3,7.2,326.0
133,1.0,134.0,7.18,23.1,3.7,9.0,348.0
134,4.0,135.0,7.13,21.3,4.5,8.1,335.0
135,1.0,136.0,7.24,22.5,3.9,9.5,353.0
136,3.0,137.0,7.05,20.8,4.6,7.6,329.0
137,1.0,138.0,7.2,23.4,4.1,8.8,342.0
138,5.0,139.0,7.1,22.6,3.8,8.3,336.0
139,2.0,140.0,7.33,21.2,4.4,9.7,365.0
140,5.0,141.0,7.07,23.0,3.4,7.9,324.0
141,4.0,142.0,7.21,21.7,4.5,8.7,349.0
142,1.0,143.0,7.23,22.1,3.6,9.4,356.0
143,4.0,144.0,7.16,20.6,4.2,7.8,331.0
144,1.0,145.0,7.28,23.3,3.4,9.1,358.0
145,0.0,146.0,7.09,21.9,4.8,7.3,332.0
146,4.0,147.0,7.22,20.5,4.6,8.4,344.0
147,5.0,148.0,7.04,22.8,3.5,8.2,336.0
148,2.0,149.0,7.35,21.4,3.9,9.8,367.0
149,0.0,150.0,7.08,22.2,4.3,7.5,327.0
150,1.0,151.0,7.26,21.0,3.8,9.3,354.0
151,0.0,152.0,7.03,23.2,4.1,6.8,323.0
152,4.0,153.0,7.15,21.1,4.7,7.7,345.0
153,1.0,154.0,7.19,22.5,3.1,9.6,351.0
154,0.0,155.0,7.11,22.9,4.4,8.0,339.0
155,0.0,156.0,7.01,20.9,4.8,6.9,328.0
156,1.0,157.0,7.31,21.6,3.6,9.2,359.0
157,0.0,158.0,7.02,22.2,4.5,7.4,337.0
158,4.0,159.0,7.25,21.8,4.2,8.9,346.0
159,0.0,160.0,7.12,23.5,4.6,7.9,333.0
160,4.0,161.0,7.17,21.4,3.9,8.5,331.0
161,2.0,162.0,7.29,20.8,4.7,9.6,363.0
162,0.0,163.0,7.01,22.3,4.5,7.8,328.0
163,1.0,164.0,7.18,23.0,4.1,8.9,347.0
164,5.0,165.0,7.14,20.5,3.6,8.0,333.0
165,2.0,166.0,7.25,21.3,4.4,9.4,352.0
166,5.0,167.0,7.05,22.6,3.9,7.3,325.0
167,4.0,168.0,7.2,21.2,4.6,8.6,345.0
168,5.0,169.0,7.1,22.9,3.7,8.1,335.0
169,2.0,170.0,7.33,23.4,4.5,9.9,370.0
170,5.0,171.0,7.07,20.6,3.5,7.7,329.0
171,4.0,172.0,7.21,22.1,4.2,8.8,350.0
172,2.0,173.0,7.23,23.3,4.6,9.7,359.0
173,4.0,174.0,7.16,21.8,4.0,8.3,339.0
174,2.0,175.0,7.28,20.9,4.3,9.2,360.0
175,5.0,176.0,7.09,22.2,3.7,7.9,331.0
176,6.0,177.0,7.22,23.1,4.4,8.5,355.0
177,3.0,178.0,7.04,20.8,4.1,7.5,332.0
178,1.0,179.0,7.35,22.5,3.8,9.8,370.0
179,0.0,180.0,7.08,21.7,4.6,7.4,330.0
180,1.0,181.0,7.26,23.0,3.9,9.5,357.0
181,3.0,182.0,7.03,20.7,4.4,7.1,327.0
182,5.0,183.0,7.15,22.1,3.8,8.1,342.0
183,6.0,184.0,7.19,23.2,4.3,9.0,351.0
184,4.0,185.0,7.11,21.3,4.5,7.9,334.0
185,5.0,186.0,7.01,22.0,3.6,7.1,327.0
186,2.0,187.0,7.31,21.5,4.7,9.4,364.0
187,0.0,188.0,7.02,23.1,4.1,6.8,322.0
188,4.0,189.0,7.25,20.7,4.6,8.7,346.0
189,5.0,190.0,7.12,22.4,3.5,8.2,338.0
190,4.0,191.0,7.09,21.9,4.2,8.2,336.0
191,5.0,192.0,7.16,22.5,3.9,8.4,340.0
192,4.0,193.0,7.2,21.7,4.1,8.6,347.0
193,5.0,194.0,7.08,23.5,3.8,7.8,330.0
194,2.0,195.0,7.32,20.5,4.2,9.8,369.0
195,4.0,196.0,7.14,21.2,4.3,8.1,340.0
196,5.0,197.0,7.05,22.8,3.6,7.4,328.0
197,6.0,198.0,7.25,23.2,4.4,9.3,357.0
198,4.0,199.0,7.19,21.6,4.6,8.7,344.0
199,5.0,200.0,7.1,22.7,3.5,7.9,335.0
200,4.0,201.0,7.16,21.8,4.2,8.4,342.0
201,1.0,202.0,7.29,23.1,3.8,9.3,357.0
202,3.0,203.0,7.01,21.3,4.3,7.9,328.0
203,1.0,204.0,7.18,22.2,3.9,8.5,347.0
204,6.0,205.0,7.14,23.4,4.7,8.8,353.0
205,4.0,206.0,7.25,20.6,4.5,9.2,349.0
206,5.0,207.0,7.05,22.5,3.7,7.5,330.0
207,4.0,208.0,7.2,21.9,4.6,8.1,341.0
208,6.0,209.0,7.1,23.0,4.1,9.0,356.0
209,2.0,210.0,7.33,20.9,4.4,9.7,366.0
210,5.0,211.0,7.07,22.1,3.8,7.7,331.0
211,6.0,212.0,7.21,23.3,4.3,8.9,358.0
212,4.0,213.0,7.23,20.8,4.2,8.6,345.0
213,1.0,214.0,7.16,22.6,3.6,9.1,335.0
214,4.0,215.0,7.28,21.2,4.5,8.3,348.0
215,7.0,216.0,7.09,22.9,3.9,9.4,362.0
216,4.0,217.0,7.22,20.5,4.6,8.2,344.0
217,5.0,218.0,7.04,23.0,3.7,7.8,330.0
218,2.0,219.0,7.35,21.6,4.4,9.5,369.0
219,5.0,220.0,7.08,22.3,3.8,8.0,333.0
220,2.0,221.0,7.26,23.2,4.3,9.6,359.0
221,3.0,222.0,7.03,21.1,4.2,7.6,324.0
222,1.0,223.0,7.15,22.7,3.9,8.9,347.0
223,4.0,224.0,7.19,21.4,4.5,7.8,336.0
224,7.0,225.0,7.11,23.5,3.6,9.2,355.0
225,3.0,226.0,7.01,20.7,4.7,7.2,331.0
226,6.0,227.0,7.31,22.4,4.4,8.7,348.0
227,7.0,228.0,7.02,23.0,3.8,9.3,361.0
228,4.0,229.0,7.25,21.8,4.6,7.5,335.0
229,4.0,230.0,7.12,22.3,4.1,8.8,343.0
230,4.0,231.0,7.16,20.8,3.9,8.3,339.0
231,2.0,232.0,7.29,22.7,4.5,9.4,364.0
232,3.0,233.0,7.01,21.4,4.2,7.7,327.0
233,7.0,234.0,7.18,23.2,3.6,9.1,351.0
234,4.0,235.0,7.14,20.9,4.4,7.9,336.0
235,1.0,236.0,7.25,22.6,3.8,8.4,344.0
236,3.0,237.0,7.05,21.1,4.7,8.2,333.0
237,6.0,238.0,7.2,23.4,4.3,9.5,360.0
238,4.0,239.0,7.1,21.9,3.9,8.7,342.0
239,2.0,240.0,7.33,22.5,4.6,9.9,370.0
240,5.0,241.0,7.07,23.3,3.8,8.0,345.0
241,2.0,242.0,7.21,20.8,4.5,9.3,359.0
242,7.0,243.0,7.23,22.3,4.1,8.9,355.0
243,4.0,244.0,7.16,21.6,4.4,8.1,338.0
244,7.0,245.0,7.28,23.1,3.7,9.6,367.0
245,3.0,246.0,7.09,20.4,4.6,7.5,329.0
246,4.0,247.0,7.22,22.0,4.3,8.6,347.0
247,5.0,248.0,7.04,23.2,3.9,7.8,332.0
248,2.0,249.0,7.35,21.5,4.7,9.7,366.0
249,5.0,250.0,7.08,22.6,3.8,8.2,340.0
250,2.0,251.0,7.26,21.3,4.5,9.2,358.0
251,0.0,252.0,7.03,22.2,4.2,7.6,329.0
252,7.0,253.0,7.15,23.0,3.6,9.1,353.0
253,4.0,254.0,7.19,20.6,4.4,8.5,342.0
254,7.0,255.0,7.11,22.5,3.9,9.4,363.0
255,3.0,256.0,7.01,21.2,4.6,7.8,328.0
256,7.0,257.0,7.31,23.3,4.1,9.2,362.0
257,3.0,258.0,7.02,20.9,4.5,8.7,337.0
258,7.0,259.0,7.25,22.8,3.8,9.5,359.0
259,4.0,260.0,7.12,21.4,4.3,7.9,336.0
260,4.0,261.0,7.16,22.1,3.9,8.3,342.0
261,2.0,262.0,7.29,20.8,4.6,9.2,355.0
262,0.0,263.0,7.01,22.3,4.3,7.7,329.0
263,7.0,264.0,7.18,23.0,3.7,9.1,352.0
264,3.0,265.0,7.14,20.5,4.5,7.9,334.0
265,4.0,266.0,7.25,21.3,4.2,8.4,346.0
266,5.0,267.0,7.05,22.6,3.8,7.5,328.0
267,4.0,268.0,7.2,21.2,4.7,8.1,341.0
268,7.0,269.0,7.1,22.9,3.9,8.7,348.0
269,2.0,270.0,7.33,23.4,4.6,9.8,368.0
270,3.0,271.0,7.07,20.6,3.8,7.7,331.0
271,6.0,272.0,7.21,22.1,4.5,8.9,355.0
272,6.0,273.0,7.23,23.3,4.2,8.6,351.0
273,4.0,274.0,7.16,20.8,4.3,8.0,332.0
274,7.0,275.0,7.28,23.0,3.6,9.4,362.0
275,3.0,276.0,7.09,21.9,4.5,7.8,338.0
276,4.0,277.0,7.22,20.5,4.4,8.5,345.0
277,5.0,278.0,7.04,22.8,3.7,8.2,333.0
278,2.0,279.0,7.35,21.4,4.6,9.7,370.0
279,5.0,280.0,7.08,22.2,3.9,7.9,335.0
280,2.0,281.0,7.26,21.0,4.5,9.3,359.0
281,0.0,282.0,7.03,23.2,4.2,7.6,327.0
282,4.0,283.0,7.15,21.1,4.1,8.3,342.0
283,6.0,284.0,7.19,22.5,4.3,9.0,351.0
284,5.0,285.0,7.11,22.9,3.8,8.0,339.0
285,3.0,286.0,7.01,20.9,4.6,7.2,328.0
286,7.0,287.0,7.31,21.6,3.9,9.2,358.0
287,0.0,288.0,7.02,22.2,4.4,7.4,337.0
288,4.0,289.0,7.25,21.8,4.1,8.9,345.0
289,6.0,290.0,7.12,23.5,4.5,7.9,333.0
290,4.0,291.0,7.16,21.3,4.0,8.3,341.0
291,2.0,292.0,7.29,22.4,4.7,9.2,360.0
292,3.0,293.0,7.01,21.0,4.5,7.7,328.0
293,7.0,294.0,7.18,23.2,3.9,9.1,353.0
294,3.0,295.0,7.14,20.9,4.4,7.9,336.0
295,7.0,296.0,7.25,22.5,3.8,8.4,343.0
296,3.0,297.0,7.05,21.1,4.3,7.5,330.0
297,6.0,298.0,7.2,22.9,4.6,8.1,346.0
298,4.0,299.0,7.1,21.8,3.9,8.7,342.0
299,2.0,300.0,7.33,23.1,4.5,9.8,366.0
300,3.0,301.0,7.07,20.7,3.8,7.7,331.0
301,6.0,302.0,7.21,22.6,4.5,8.9,356.0
302,4.0,303.0,7.23,21.2,4.2,8.6,344.0
303,7.0,304.0,7.16,23.0,3.6,9.1,354.0
304,2.0,305.0,7.28,20.8,4.5,9.5,361.0
305,7.0,306.0,7.09,22.3,3.9,9.4,363.0
306,6.0,307.0,7.22,23.2,4.3,8.5,350.0
307,3.0,308.0,7.04,20.6,4.4,7.8,335.0
308,7.0,309.0,7.35,22.1,3.7,9.7,368.0
309,6.0,310.0,7.08,23.4,4.6,8.2,349.0
310,7.0,311.0,7.26,21.3,3.9,9.2,359.0
311,3.0,312.0,7.03,22.0,4.2,7.6,328.0
312,7.0,313.0,7.15,23.1,3.6,8.9,352.0
313,4.0,314.0,7.19,21.4,4.3,7.8,336.0
314,6.0,315.0,7.11,22.7,4.5,8.3,347.0
315,3.0,316.0,7.01,20.8,4.6,7.1,327.0
316,7.0,317.0,7.31,22.5,3.8,9.4,362.0
317,3.0,318.0,7.02,21.2,4.7,7.5,334.0
318,7.0,319.0,7.25,23.0,3.9,8.7,358.0
319,3.0,320.0,7.12,20.9,4.4,8.2,339.0
320,4.0,321.0,7.16,21.7,4.1,8.3,344.0
321,2.0,322.0,7.29,22.8,4.8,9.2,361.0
322,3.0,323.0,7.01,21.4,4.6,7.7,329.0
323,7.0,324.0,7.18,23.1,4.0,9.1,354.0
324,3.0,325.0,7.14,20.7,4.4,7.9,336.0
325,7.0,326.0,7.25,22.3,3.8,8.4,344.0
326,3.0,327.0,7.05,21.0,4.3,7.5,329.0
327,6.0,328.0,7.2,22.9,4.7,8.1,347.0
328,4.0,329.0,7.1,21.8,4.0,8.7,343.0
329,2.0,330.0,7.33,23.2,4.6,9.8,367.0
330,3.0,331.0,7.07,20.8,3.8,7.7,332.0
331,6.0,332.0,7.21,22.4,4.5,8.9,356.0
332,4.0,333.0,7.23,21.2,4.2,8.6,343.0
333,7.0,334.0,7.16,23.0,3.6,9.1,354.0
334,2.0,335.0,7.28,20.9,4.5,9.5,362.0
335,7.0,336.0,7.09,22.5,3.9,9.4,363.0
336,6.0,337.0,7.22,23.3,4.3,8.5,350.0
337,3.0,338.0,7.04,20.7,4.4,7.8,335.0
338,7.0,339.0,7.35,22.6,3.7,9.7,369.0
339,3.0,340.0,7.08,21.3,4.6,8.2,340.0
340,7.0,341.0,7.26,23.1,3.9,9.2,360.0
341,3.0,342.0,7.03,22.0,4.2,7.6,330.0
342,7.0,343.0,7.15,23.2,3.6,8.9,353.0
343,4.0,344.0,7.19,21.4,4.3,7.8,336.0
344,6.0,345.0,7.11,22.7,4.5,8.3,347.0
345,3.0,346.0,7.01,20.8,4.6,7.1,327.0
346,7.0,347.0,7.31,22.5,3.8,9.4,361.0
347,3.0,348.0,7.02,21.2,4.7,7.5,334.0
348,7.0,349.0,7.25,23.0,3.9,8.7,359.0
349,3.0,350.0,7.12,20.9,4.4,8.2,339.0
350,4.0,351.0,7.16,21.7,4.1,8.3,344.0
351,2.0,352.0,7.29,22.8,4.8,9.2,361.0
352,3.0,353.0,7.01,21.4,4.6,7.7,329.0
353,7.0,354.0,7.18,23.1,4.0,9.1,354.0
354,3.0,355.0,7.14,20.7,4.4,7.9,336.0
355,7.0,356.0,7.25,22.3,3.8,8.4,344.0
356,3.0,357.0,7.05,21.0,4.3,7.5,329.0
357,6.0,358.0,7.2,22.9,4.7,8.1,347.0
358,4.0,359.0,7.1,21.8,4.0,8.7,343.0
359,2.0,360.0,7.33,23.2,4.6,9.8,367.0
360,3.0,361.0,7.07,20.8,3.8,7.7,332.0
361,6.0,362.0,7.21,22.4,4.5,8.9,356.0
362,4.0,363.0,7.23,21.2,4.2,8.6,343.0
363,7.0,364.0,7.16,23.0,3.6,9.1,354.0
364,2.0,365.0,7.28,20.9,4.5,9.5,362.0
365,7.0,366.0,7.09,22.5,3.9,9.4,363.0
366,6.0,367.0,7.22,23.3,4.3,8.5,350.0
367,3.0,368.0,7.04,20.7,4.4,7.8,335.0
368,7.0,369.0,7.35,22.6,3.7,9.7,369.0
369,3.0,370.0,7.08,21.3,4.6,8.2,340.0
370,7.0,371.0,7.26,23.1,3.9,9.2,360.0
371,3.0,372.0,7.03,22.0,4.2,7.6,330.0
372,7.0,373.0,7.15,23.2,3.6,8.9,353.0
373,3.0,374.0,7.19,21.4,4.3,7.8,336.0
374,6.0,375.0,7.11,22.7,4.5,8.3,347.0
375,3.0,376.0,7.01,20.8,4.6,7.1,327.0
376,7.0,377.0,7.31,22.5,3.8,9.4,361.0
377,3.0,378.0,7.02,21.2,4.7,7.5,334.0
378,7.0,379.0,7.25,23.0,3.9,8.7,359.0
379,3.0,380.0,7.12,20.9,4.4,8.2,339.0
380,4.0,381.0,7.16,21.7,4.1,8.3,344.0
381,2.0,382.0,7.29,22.8,4.8,9.2,361.0
382,3.0,383.0,7.01,21.4,4.6,7.7,329.0
383,7.0,384.0,7.18,23.1,4.0,9.1,354.0
384,3.0,385.0,7.14,20.7,4.4,7.9,336.0
385,7.0,386.0,7.25,22.3,3.8,8.4,344.0
386,3.0,387.0,7.05,21.0,4.3,7.5,329.0
387,6.0,388.0,7.2,22.9,4.7,8.1,347.0
388,4.0,389.0,7.1,21.8,4.0,8.7,343.0
389,2.0,390.0,7.33,23.2,4.6,9.8,367.0
390,3.0,391.0,7.07,20.8,3.8,7.7,332.0
391,6.0,392.0,7.21,22.4,4.5,8.9,356.0
392,4.0,393.0,7.23,21.2,4.2,8.6,343.0
393,7.0,394.0,7.16,23.0,3.6,9.1,354.0
394,2.0,395.0,7.28,20.9,4.5,9.5,362.0
395,7.0,396.0,7.09,22.5,3.9,9.4,363.0
396,6.0,397.0,7.22,23.3,4.3,8.5,350.0
397,3.0,398.0,7.04,20.7,4.4,7.8,335.0
398,7.0,399.0,7.35,22.6,3.7,9.7,369.0
399,3.0,400.0,7.08,21.3,4.6,8.2,340.0
400,7.0,401.0,7.26,23.1,3.9,9.2,360.0
401,3.0,402.0,7.03,22.0,4.2,7.6,330.0
402,7.0,403.0,7.15,23.2,3.6,8.9,353.0
403,3.0,404.0,7.19,21.4,4.3,7.8,336.0
404,6.0,405.0,7.11,22.7,4.5,8.3,347.0
405,3.0,406.0,7.01,20.8,4.6,7.1,327.0
406,7.0,407.0,7.31,22.5,3.8,9.4,361.0
407,3.0,408.0,7.02,21.2,4.7,7.5,334.0
408,7.0,409.0,7.25,23.0,3.9,8.7,359.0
409,3.0,410.0,7.12,20.9,4.4,8.2,339.0
410,4.0,411.0,7.16,21.7,4.1,8.3,344.0
411,2.0,412.0,7.29,22.8,4.8,9.2,361.0
412,3.0,413.0,7.01,21.4,4.6,7.7,329.0
413,7.0,414.0,7.18,23.1,4.0,9.1,354.0
414,3.0,415.0,7.14,20.7,4.4,7.9,336.0
415,7.0,416.0,7.25,22.3,3.8,8.4,344.0
416,3.0,417.0,7.05,21.0,4.3,7.5,329.0
417,6.0,418.0,7.2,22.9,4.7,8.1,347.0
418,3.0,419.0,7.1,21.8,4.0,8.7,343.0
419,2.0,420.0,7.33,23.2,4.6,9.8,367.0
420,3.0,421.0,7.07,20.8,3.8,7.7,332.0
421,6.0,422.0,7.21,22.4,4.5,8.9,356.0
422,4.0,423.0,7.23,21.2,4.2,8.6,343.0
423,7.0,424.0,7.16,23.0,3.6,9.1,354.0
424,2.0,425.0,7.28,20.9,4.5,9.5,362.0
425,7.0,426.0,7.09,22.5,3.9,9.4,363.0
426,6.0,427.0,7.22,23.3,4.3,8.5,350.0
427,3.0,428.0,7.04,20.7,4.4,7.8,335.0
428,7.0,429.0,7.35,22.6,3.7,9.7,369.0
429,3.0,430.0,7.08,21.3,4.6,8.2,340.0
430,7.0,431.0,7.26,23.1,3.9,9.2,360.0
431,3.0,432.0,7.03,22.0,4.2,7.6,330.0
432,7.0,433.0,7.15,23.2,3.6,8.9,353.0
433,3.0,434.0,7.19,21.4,4.3,7.8,336.0
434,6.0,435.0,7.11,22.7,4.5,8.3,347.0
435,3.0,436.0,7.01,20.8,4.6,7.1,327.0
436,7.0,437.0,7.31,22.5,3.8,9.4,361.0
437,3.0,438.0,7.02,21.2,4.7,7.5,334.0
438,7.0,439.0,7.25,23.0,3.9,8.7,359.0
439,3.0,440.0,7.12,20.9,4.4,8.2,339.0
440,3.0,441.0,7.16,21.7,4.1,8.3,344.0
441,2.0,442.0,7.29,22.8,4.8,9.2,361.0
442,3.0,443.0,7.01,21.4,4.6,7.7,329.0
443,7.0,444.0,7.18,23.1,4.0,9.1,354.0
444,3.0,445.0,7.14,20.7,4.4,7.9,336.0
445,7.0,446.0,7.25,22.3,3.8,8.4,344.0
446,3.0,447.0,7.05,21.0,4.3,7.5,329.0
447,6.0,448.0,7.2,22.9,4.7,8.1,347.0
448,3.0,449.0,7.1,21.8,4.0,8.7,343.0
449,2.0,450.0,7.33,23.2,4.6,9.8,367.0
450,3.0,451.0,7.07,20.8,3.8,7.7,332.0
451,6.0,452.0,7.21,22.4,4.5,8.9,356.0
452,4.0,453.0,7.23,21.2,4.2,8.6,343.0
453,7.0,454.0,7.16,23.0,3.6,9.1,354.0
454,2.0,455.0,7.28,20.9,4.5,9.5,362.0
455,7.0,456.0,7.09,22.5,3.9,9.4,363.0
456,6.0,457.0,7.22,23.3,4.3,8.5,350.0
457,3.0,458.0,7.04,20.7,4.4,7.8,335.0
458,7.0,459.0,7.35,22.6,3.7,9.7,369.0
459,3.0,460.0,7.08,21.3,4.6,8.2,340.0
460,7.0,461.0,7.26,23.1,3.9,9.2,360.0
461,3.0,462.0,7.03,22.0,4.2,7.6,330.0
462,7.0,463.0,7.15,23.2,3.6,8.9,353.0
463,3.0,464.0,7.19,21.4,4.3,7.8,336.0
464,6.0,465.0,7.11,22.7,4.5,8.3,347.0
465,3.0,466.0,7.01,20.8,4.6,7.1,327.0
466,7.0,467.0,7.31,22.5,3.8,9.4,361.0
467,3.0,468.0,7.02,21.2,4.7,7.5,334.0
468,7.0,469.0,7.25,23.0,3.9,8.7,359.0
469,3.0,470.0,7.12,20.9,4.4,8.2,339.0
470,3.0,471.0,7.16,21.7,4.1,8.3,344.0
471,2.0,472.0,7.29,22.8,4.8,9.2,361.0
472,3.0,473.0,7.01,21.4,4.6,7.7,329.0
473,7.0,474.0,7.18,23.1,4.0,9.1,354.0
474,3.0,475.0,7.14,20.7,4.4,7.9,336.0
475,7.0,476.0,7.25,22.3,3.8,8.4,344.0
476,3.0,477.0,7.05,21.0,4.3,7.5,329.0
477,6.0,478.0,7.2,22.9,4.7,8.1,347.0
478,3.0,479.0,7.1,21.8,4.0,8.7,343.0
479,2.0,480.0,7.33,23.2,4.6,9.8,367.0
480,3.0,481.0,7.07,20.8,3.8,7.7,332.0
481,6.0,482.0,7.21,22.4,4.5,8.9,356.0
482,4.0,483.0,7.23,21.2,4.2,8.6,343.0
483,7.0,484.0,7.16,23.0,3.6,9.1,354.0
484,2.0,485.0,7.28,20.9,4.5,9.5,362.0
485,7.0,486.0,7.09,22.5,3.9,9.4,363.0
486,6.0,487.0,7.22,23.3,4.3,8.5,350.0
487,3.0,488.0,7.04,20.7,4.4,7.8,335.0
488,7.0,489.0,7.35,22.6,3.7,9.7,369.0
489,3.0,490.0,7.08,21.3,4.6,8.2,340.0
490,7.0,491.0,7.26,23.1,3.9,9.2,360.0
491,3.0,492.0,7.03,22.0,4.2,7.6,330.0
492,7.0,493.0,7.15,23.2,3.6,8.9,353.0
493,3.0,494.0,7.19,21.4,4.3,7.8,336.0
494,6.0,495.0,7.11,22.7,4.5,8.3,347.0
495,3.0,496.0,7.01,20.8,4.6,7.1,327.0
496,7.0,497.0,7.31,22.5,3.8,9.4,361.0
497,3.0,498.0,7.02,21.2,4.7,7.5,334.0
498,7.0,499.0,7.25,23.0,3.9,8.7,359.0
499,3.0,500.0,7.12,20.9,4.4,8.2,339.0
